OutboundAddress(name=John, concatenatedAddress= Peter Ajax Ontra JGR89)
OutboundAddress(name=john, concatenatedAddress= 6789 Ajax dallas 7890)
OutboundAddress(name=john, concatenatedAddress= 6789 Ajax dallas 7890)
OutboundAddress(name=john, concatenatedAddress= 6789 Ajax dallas 7890)
OutboundAddress(name=John, concatenatedAddress= Peter Ajax Ontra JGR89)
OutboundAddress(name=John, concatenatedAddress= Peter Ajax Ontra JGR89)
OutboundAddress(name=John, concatenatedAddress= Peter Ajax Ontra JGR89)
OutboundAddress(name=John, concatenatedAddress= Peter Ajax Ontra JGR89)
OutboundAddress(name=John, concatenatedAddress= Peter Ajax Ontra JGR89)
OutboundAddress(name=John, concatenatedAddress= Peter Ajax Ontra JGR89)
